{"cameraMode":{"drawMode":0,"name":"Shaded","section":"Shading Mode"},"sceneLighting":false,"audioPlay":false,"sceneViewState":{"showFog":true,"showMaterialUpdate":false,"showSkybox":true,"showFlares":true,"showImageEffects":true,"showParticleSystems":true},"in2DMode":false,"pivot":{"x":0.05713760852813721,"y":0.2663445472717285,"z":-0.1625867336988449},"rotation":{"x":-0.02161530964076519,"y":-0.7834377884864807,"z":0.02727828361093998,"w":-0.6205479502677918},"size":1.2124977111816407,"orthographic":false}