{"cameraMode":{"drawMode":0,"name":"Shaded","section":"Shading Mode"},"sceneLighting":true,"audioPlay":false,"sceneViewState":{"showFog":true,"showMaterialUpdate":false,"showSkybox":true,"showFlares":true,"showImageEffects":true,"showParticleSystems":true},"in2DMode":false,"pivot":{"x":25.105009078979493,"y":-11.581108093261719,"z":63.91583251953125},"rotation":{"x":-0.1029193326830864,"y":-0.20235015451908112,"z":0.021393723785877229,"w":-0.9736927151679993},"size":138.74551391601563,"orthographic":false}